<?xml version="1.0" encoding="UTF-8"?>
<project-private xmlns="http://www.netbeans.org/ns/project-private/1">
    <editor-bookmarks xmlns="http://www.netbeans.org/ns/editor-bookmarks/2" lastBookmarkId="0"/>
    <open-files xmlns="http://www.netbeans.org/ns/projectui-open-files/2">
        <group>
            <file>file:/C:/Users/acer/Documents/NetBeansProjects/EventEase/web/processCancelTicket.jsp</file>
            <file>file:/C:/Users/acer/Documents/NetBeansProjects/EventEase/web/processRegisterUser.jsp</file>
            <file>file:/C:/Users/acer/Documents/NetBeansProjects/EventEase/web/registerUser.jsp</file>
            <file>file:/C:/Users/acer/Documents/NetBeansProjects/EventEase/src/java/eventease/EventController.java</file>
            <file>file:/C:/Users/acer/Documents/NetBeansProjects/EventEase/web/addVenue.jsp</file>
            <file>file:/C:/Users/acer/Documents/NetBeansProjects/EventEase/web/processRegisterParticipant.jsp</file>
            <file>file:/C:/Users/acer/Documents/NetBeansProjects/EventEase/src/java/eventease/DatabaseConnection.java</file>
            <file>file:/C:/Users/acer/Documents/NetBeansProjects/EventEase/web/registerParticipant.jsp</file>
            <file>file:/C:/Users/acer/Documents/NetBeansProjects/EventEase/web/deleteTicket.jsp</file>
            <file>file:/C:/Users/acer/Documents/NetBeansProjects/EventEase/web/editTicket.jsp</file>
            <file>file:/C:/Users/acer/Documents/NetBeansProjects/EventEase/web/addEvent.jsp</file>
            <file>file:/C:/Users/acer/Documents/NetBeansProjects/EventEase/web/processEditParticipant.jsp</file>
            <file>file:/C:/Users/acer/Documents/NetBeansProjects/EventEase/web/deleteVenue.jsp</file>
            <file>file:/C:/Users/acer/Documents/NetBeansProjects/EventEase/nbproject/build-impl.xml</file>
            <file>file:/C:/Users/acer/Documents/NetBeansProjects/EventEase/web/processAddEvent.jsp</file>
            <file>file:/C:/Users/acer/Documents/NetBeansProjects/EventEase/web/index.jsp</file>
            <file>file:/C:/Users/acer/Documents/NetBeansProjects/EventEase/web/login.jsp</file>
            <file>file:/C:/Users/acer/Documents/NetBeansProjects/EventEase/web/processAddVenue.jsp</file>
            <file>file:/C:/Users/acer/Documents/NetBeansProjects/EventEase/web/editVenue.jsp</file>
            <file>file:/C:/Users/acer/Documents/NetBeansProjects/EventEase/web/editEvent.jsp</file>
            <file>file:/C:/Users/acer/Documents/NetBeansProjects/EventEase/src/java/eventease/EventEase.java</file>
            <file>file:/C:/Users/acer/Documents/NetBeansProjects/EventEase/web/WEB-INF/web.xml</file>
            <file>file:/C:/Users/acer/Documents/NetBeansProjects/EventEase/web/logout.jsp</file>
            <file>file:/C:/Users/acer/Documents/NetBeansProjects/EventEase/web/venueList.jsp</file>
            <file>file:/C:/Users/acer/Documents/NetBeansProjects/EventEase/web/ticketList.jsp</file>
            <file>file:/C:/Users/acer/Documents/NetBeansProjects/EventEase/web/addTicket.jsp</file>
            <file>file:/C:/Users/acer/Documents/NetBeansProjects/EventEase/web/eventList.jsp</file>
            <file>file:/C:/Users/acer/Documents/NetBeansProjects/EventEase/web/processBuyTicket.jsp</file>
            <file>file:/C:/Users/acer/Documents/NetBeansProjects/EventEase/web/deleteEvent.jsp</file>
            <file>file:/C:/Users/acer/Documents/NetBeansProjects/EventEase/web/deleteUser.jsp</file>
            <file>file:/C:/Users/acer/Documents/NetBeansProjects/EventEase/web/deleteParticipant.jsp</file>
            <file>file:/C:/Users/acer/Documents/NetBeansProjects/EventEase/src/java/eventease/Participant.java</file>
            <file>file:/C:/Users/acer/Documents/NetBeansProjects/EventEase/web/participantList.jsp</file>
            <file>file:/C:/Users/acer/Documents/NetBeansProjects/EventEase/web/processAddTicket.jsp</file>
            <file>file:/C:/Users/acer/Documents/NetBeansProjects/EventEase/web/buyTicket.jsp</file>
            <file>file:/C:/Users/acer/Documents/NetBeansProjects/EventEase/web/userManagement.jsp</file>
        </group>
    </open-files>
</project-private>
